{"cameraMode":{"drawMode":0,"name":"Shaded","section":"Shading Mode"},"sceneLighting":false,"audioPlay":false,"sceneViewState":{"m_AlwaysRefresh":false,"showFog":true,"showSkybox":false,"showFlares":true,"showImageEffects":true,"showParticleSystems":true,"showVisualEffectGraphs":true,"m_FxEnabled":true},"in2DMode":false,"pivot":{"x":-60.81303405761719,"y":4.470187187194824,"z":3.1806907653808595},"rotation":{"x":0.005970251280814409,"y":-0.991228461265564,"z":0.04731063172221184,"w":0.12426147609949112},"size":0.11684095114469528,"orthographic":true}