{"cameraMode":{"drawMode":0,"name":"Shaded","section":"Shading Mode"},"sceneLighting":true,"audioPlay":false,"sceneViewState":{"m_AlwaysRefresh":false,"showFog":true,"showSkybox":true,"showFlares":true,"showImageEffects":true,"showParticleSystems":true,"showVisualEffectGraphs":true,"m_FxEnabled":true},"in2DMode":false,"pivot":{"x":-4.470569610595703,"y":-4.365511894226074,"z":-20.105701446533204},"rotation":{"x":-0.016203271225094796,"y":-0.9782423973083496,"z":0.07563995569944382,"w":-0.19454826414585114},"size":31.763925552368165,"orthographic":true}