{"cameraMode":{"drawMode":0,"name":"Shaded","section":"Shading Mode"},"sceneLighting":true,"audioPlay":false,"sceneViewState":{"m_AlwaysRefresh":false,"showFog":true,"showSkybox":true,"showFlares":true,"showImageEffects":true,"showParticleSystems":true,"showVisualEffectGraphs":true,"m_FxEnabled":true},"in2DMode":false,"pivot":{"x":-10.879725456237793,"y":2.1641769409179689,"z":-40.36793518066406},"rotation":{"x":-0.14134925603866578,"y":-0.6889379024505615,"z":0.13735440373420716,"w":-0.6981720924377441},"size":26.814456939697267,"orthographic":true}