{"cameraMode":{"drawMode":0,"name":"Shaded","section":"Shading Mode"},"sceneLighting":true,"audioPlay":false,"sceneViewState":{"m_AlwaysRefresh":false,"showFog":true,"showSkybox":true,"showFlares":true,"showImageEffects":true,"showParticleSystems":true,"showVisualEffectGraphs":true,"m_FxEnabled":true},"in2DMode":false,"pivot":{"x":-52.19879150390625,"y":2.8478846549987795,"z":-2.4148879051208498},"rotation":{"x":-0.004989123437553644,"y":0.9838939309120178,"z":-0.027752244845032693,"w":-0.17713303864002229},"size":3.278502941131592,"orthographic":true}