{"cameraMode":{"drawMode":0,"name":"Shaded","section":"Shading Mode"},"sceneLighting":true,"audioPlay":false,"sceneViewState":{"m_AlwaysRefresh":false,"showFog":true,"showSkybox":true,"showFlares":true,"showImageEffects":true,"showParticleSystems":true,"showVisualEffectGraphs":true,"m_FxEnabled":true},"in2DMode":false,"pivot":{"x":-60.97456359863281,"y":4.386568069458008,"z":4.770834922790527},"rotation":{"x":0.005970251280814409,"y":-0.991228461265564,"z":0.04731063172221184,"w":0.12426147609949112},"size":1.6523189544677735,"orthographic":true}