{"cameraMode":{"drawMode":0,"name":"Shaded","section":"Shading Mode"},"sceneLighting":true,"audioPlay":false,"sceneViewState":{"m_AlwaysRefresh":false,"showFog":true,"showSkybox":true,"showFlares":true,"showImageEffects":true,"showParticleSystems":true,"showVisualEffectGraphs":true,"m_FxEnabled":true},"in2DMode":false,"pivot":{"x":-52.84199905395508,"y":0.71675705909729,"z":-1.5740458965301514},"rotation":{"x":0.24175438284873963,"y":0.02029786817729473,"z":-0.005059998482465744,"w":0.9702362418174744},"size":5.470516681671143,"orthographic":true}