{"cameraMode":{"drawMode":0,"name":"Shaded","section":"Shading Mode"},"sceneLighting":true,"audioPlay":false,"sceneViewState":{"m_AlwaysRefresh":false,"showFog":true,"showSkybox":true,"showFlares":true,"showImageEffects":true,"showParticleSystems":true,"showVisualEffectGraphs":true,"m_FxEnabled":true},"in2DMode":false,"pivot":{"x":-0.08696651458740235,"y":-4.543779373168945,"z":-13.910490036010743},"rotation":{"x":-0.03558573126792908,"y":0.963132381439209,"z":-0.1615651398897171,"w":-0.21224918961524964},"size":30.442733764648439,"orthographic":true}