{"cameraMode":{"drawMode":0,"name":"Shaded","section":"Shading Mode"},"sceneLighting":true,"audioPlay":false,"sceneViewState":{"m_AlwaysRefresh":false,"showFog":true,"showSkybox":true,"showFlares":true,"showImageEffects":true,"showParticleSystems":true,"showVisualEffectGraphs":true,"m_FxEnabled":true},"in2DMode":false,"pivot":{"x":-33.057132720947269,"y":-1.9328808784484864,"z":-37.00589370727539},"rotation":{"x":-0.14617733657360078,"y":0.0029813454020768406,"z":-0.00043282780097797513,"w":-0.9892748594284058},"size":21.882883071899415,"orthographic":true}