{"cameraMode":{"drawMode":0,"name":"Shaded","section":"Shading Mode"},"sceneLighting":true,"audioPlay":false,"sceneViewState":{"m_AlwaysRefresh":false,"showFog":true,"showSkybox":true,"showFlares":true,"showImageEffects":true,"showParticleSystems":true,"showVisualEffectGraphs":true,"m_FxEnabled":true},"in2DMode":false,"pivot":{"x":-3.6621150970458986,"y":-2.3110103607177736,"z":-17.890213012695314},"rotation":{"x":-0.14935024082660676,"y":-0.43775510787963869,"z":0.07395638525485993,"w":-0.8837887048721314},"size":22.25172996520996,"orthographic":true}