{"cameraMode":{"drawMode":0,"name":"Shaded","section":"Shading Mode"},"sceneLighting":true,"audioPlay":false,"sceneViewState":{"m_AlwaysRefresh":false,"showFog":true,"showSkybox":true,"showFlares":true,"showImageEffects":true,"showParticleSystems":true,"showVisualEffectGraphs":true,"m_FxEnabled":true},"in2DMode":false,"pivot":{"x":-42.420555114746097,"y":13.84701156616211,"z":18.545372009277345},"rotation":{"x":0.06501267105340958,"y":-0.7293515205383301,"z":0.07002374529838562,"w":0.6774179339408875},"size":26.400163650512697,"orthographic":true}