{"cameraMode":{"drawMode":0,"name":"Shaded","section":"Shading Mode"},"sceneLighting":false,"audioPlay":false,"sceneViewState":{"m_AlwaysRefresh":false,"showFog":true,"showSkybox":false,"showFlares":true,"showImageEffects":true,"showParticleSystems":true,"showVisualEffectGraphs":true,"m_FxEnabled":true},"in2DMode":false,"pivot":{"x":1.4600000381469727,"y":-0.47999995946884158,"z":-0.003906309604644775},"rotation":{"x":0.009037197567522526,"y":-0.9328341484069824,"z":0.02352149598300457,"w":0.3597026467323303},"size":0.2375575602054596,"orthographic":true}