{"cameraMode":{"drawMode":0,"name":"Shaded","section":"Shading Mode"},"sceneLighting":true,"audioPlay":false,"sceneViewState":{"showFog":true,"showMaterialUpdate":false,"showSkybox":true,"showFlares":true,"showImageEffects":true,"showParticleSystems":true},"in2DMode":false,"pivot":{"x":-9.259846687316895,"y":24.729984283447267,"z":67.16227722167969},"rotation":{"x":0.048432137817144397,"y":0.9456010460853577,"z":-0.16621561348438264,"w":0.27549704909324648},"size":52.9968376159668,"orthographic":true}