{"cameraMode":{"drawMode":0,"name":"Shaded","section":"Shading Mode"},"sceneLighting":true,"audioPlay":false,"sceneViewState":{"showFog":true,"showMaterialUpdate":false,"showSkybox":true,"showFlares":true,"showImageEffects":true,"showParticleSystems":true},"in2DMode":false,"pivot":{"x":17.06501579284668,"y":12.41604995727539,"z":41.7689094543457},"rotation":{"x":0.12452777475118637,"y":0.6913880705833435,"z":-0.12282127141952515,"w":0.7009996771812439},"size":67.84576416015625,"orthographic":true}