{"cameraMode":{"drawMode":0,"name":"Shaded","section":"Shading Mode"},"sceneLighting":true,"audioPlay":false,"sceneViewState":{"showFog":true,"showMaterialUpdate":false,"showSkybox":true,"showFlares":true,"showImageEffects":true,"showParticleSystems":true},"in2DMode":false,"pivot":{"x":-0.5787391066551209,"y":0.3012716770172119,"z":3.170170307159424},"rotation":{"x":0.010461609810590744,"y":0.98838871717453,"z":-0.13001741468906403,"w":0.0790516659617424},"size":59.222389221191409,"orthographic":true}